Account,Finance_RR_Annual,EUDIA_December_Total,EUDIA_Dec_Opps,JH_Contract_Total,EUDIA_vs_Finance,EUDIA_vs_JH,JH_vs_Finance,Status
Irish Water,440882.33,434886.02,3,186098.8,-5996.309999999998,248787.22000000003,-254783.53000000003,Aligned
Etsy,304329.54,259369.68,1,69600.0,-44959.859999999986,189769.68,-234729.53999999998,Review Needed
TikTok,208159.74,198879.74,1,98601.16,-9280.0,100278.57999999999,-109558.57999999999,Aligned
Indeed,417845.98,163565.98,1,104400.0,-254279.99999999997,59165.98000000001,-313445.98,Review Needed
Dropbox,222037.06,222037.06,2,232000.0,0.0,-9962.940000000002,9962.940000000002,Aligned
